"Nome do Município";"Valor ICMS";"Valor IPI";"Valor IPVA";"Valor Total"
"ABADIA DOS DOURADOS";"4.019.780,29";"73.224,94";"609.613,54";"4.702.618,77"
"ABAETE";"6.591.177,01";"120.029,48";"1.984.501,71";"8.695.708,20"
"ABRE CAMPO";"3.841.210,89";"70.035,10";"1.024.683,12";"4.935.929,11"
"ACAIACA";"1.349.230,26";"24.567,49";"175.095,08";"1.548.892,83"
"ACUCENA";"2.976.100,34";"55.075,07";"290.523,77";"3.321.699,18"
"AGUA BOA";"2.771.612,29";"50.466,32";"350.533,27";"3.172.611,88"
"AGUA COMPRIDA";"5.246.721,42";"95.576,42";"122.371,48";"5.464.669,32"
"AGUANIL";"1.897.289,98";"34.534,49";"222.865,36";"2.154.689,83"
"AGUAS FORMOSAS";"3.153.627,80";"57.404,34";"892.592,85";"4.103.624,99"
"AGUAS VERMELHAS";"3.649.315,35";"66.418,12";"223.550,60";"3.939.284,07"
"AIMORES";"7.050.385,06";"128.379,42";"1.204.062,69";"8.382.827,17"
"AIURUOCA";"2.520.788,74";"45.920,39";"370.110,81";"2.936.819,94"
"ALAGOA";"1.366.980,01";"24.878,73";"134.169,08";"1.526.027,82"
"ALBERTINA";"2.190.268,62";"39.868,63";"154.178,86";"2.384.316,11"
"ALEM PARAIBA";"9.790.411,05";"178.267,73";"4.235.948,04";"14.204.626,82"
"ALFENAS";"24.657.204,36";"448.812,47";"9.704.438,27";"34.810.455,10"
"ALFREDO VASCONCELOS";"2.462.531,41";"44.818,96";"423.103,96";"2.930.454,33"
"ALMENARA";"6.134.226,73";"111.659,88";"2.256.619,60";"8.502.506,21"
"ALPERCATA";"2.393.789,17";"43.584,80";"253.040,09";"2.690.414,06"
"ALPINOPOLIS";"5.834.541,09";"106.216,99";"1.551.950,15";"7.492.708,23"
"ALTEROSA";"3.922.457,62";"71.474,08";"958.298,84";"4.952.230,54"
"ALTO CAPARAO";"2.193.521,48";"39.921,97";"385.008,82";"2.618.452,27"
"ALTO JEQUITIBA";"2.189.122,09";"39.786,34";"587.353,11";"2.816.261,54"
"ALTO RIO DOCE";"2.782.835,00";"50.668,50";"507.293,20";"3.340.796,70"
"ALVARENGA";"1.725.771,31";"31.408,60";"154.936,63";"1.912.116,54"
"ALVINOPOLIS";"5.115.695,00";"93.168,88";"789.742,69";"5.998.606,57"
"ALVORADA DE MINAS";"6.927.590,12";"126.298,05";"123.984,91";"7.177.873,08"
"AMPARO DA SERRA";"1.561.083,03";"28.419,63";"182.556,47";"1.772.059,13"
"ANDRADAS";"15.434.180,48";"281.022,21";"4.121.760,15";"19.836.962,84"
"ANDRELANDIA";"3.731.456,26";"67.841,20";"649.067,81";"4.448.365,27"
"ANGELANDIA";"3.045.711,13";"55.438,27";"244.535,79";"3.345.685,19"
"ANTONIO CARLOS";"3.729.109,77";"67.845,49";"542.121,35";"4.339.076,61"
"ANTONIO DIAS";"6.109.929,95";"111.188,19";"346.903,40";"6.568.021,54"
"ANTONIO PRADO DE MINAS";"1.283.621,86";"23.377,17";"105.219,97";"1.412.219,00"
"ARACAI";"1.706.476,91";"31.071,31";"80.286,77";"1.817.834,99"
"ARACITABA";"1.460.538,30";"26.448,34";"66.203,40";"1.553.190,04"
"ARACUAI";"5.836.388,43";"106.157,70";"1.580.412,72";"7.522.958,85"
"ARAGUARI";"70.038.939,55";"1.275.312,29";"13.977.644,32";"85.291.896,16"
"ARANTINA";"1.450.120,50";"26.309,36";"109.422,06";"1.585.851,92"
"ARAPONGA";"2.796.750,18";"50.980,67";"275.565,59";"3.123.296,44"
"ARAPORA";"24.869.008,53";"452.744,68";"334.657,24";"25.656.410,45"
"ARAPUA";"2.239.523,75";"40.787,54";"214.668,95";"2.494.980,24"
"ARAUJOS";"3.609.452,65";"65.719,78";"852.101,68";"4.527.274,11"
"ARAXA";"108.781.079,22";"1.980.541,23";"16.075.584,72";"126.837.205,17"
"ARCEBURGO";"6.345.425,04";"115.464,43";"764.238,44";"7.225.127,91"
"ARCOS";"28.682.915,41";"522.316,22";"5.025.227,05";"34.230.458,68"
"AREADO";"3.854.695,33";"70.169,58";"1.098.490,48";"5.023.355,39"
"ARGIRITA";"1.409.976,59";"25.680,50";"136.691,16";"1.572.348,25"
"ARICANDUVA";"1.868.816,37";"34.039,71";"111.059,12";"2.013.915,20"
"ARINOS";"4.914.075,92";"89.596,60";"736.806,07";"5.740.478,59"
"ASTOLFO DUTRA";"5.224.411,46";"95.054,52";"1.077.547,16";"6.397.013,14"
"ATALEIA";"2.789.439,73";"50.793,19";"371.451,30";"3.211.684,22"
"AUGUSTO DE LIMA";"2.274.617,10";"41.409,17";"207.601,71";"2.523.627,98"
"BAEPENDI";"4.425.514,13";"80.573,12";"1.227.892,89";"5.733.980,14"
"BALDIM";"2.838.544,49";"51.644,33";"394.926,88";"3.285.115,70"
"BAMBUI";"9.264.760,58";"168.630,33";"2.209.346,19";"11.642.737,10"
"BANDEIRA";"1.730.067,18";"31.546,00";"73.882,63";"1.835.495,81"
"BANDEIRA DO SUL";"2.016.955,18";"36.723,58";"323.041,22";"2.376.719,98"
"BARAO DE COCAIS";"31.712.688,40";"577.265,55";"2.754.648,62";"35.044.602,57"
"BARAO DE MONTE ALTO";"1.763.221,49";"32.098,93";"258.380,92";"2.053.701,34"
"BARBACENA";"29.451.531,09";"536.176,43";"14.433.468,17";"44.421.175,69"
"BARRA LONGA";"1.907.776,66";"34.707,80";"190.503,41";"2.132.987,87"
"BARROSO";"9.039.367,56";"164.653,57";"1.623.769,10";"10.827.790,23"
"BELA VISTA DE MINAS";"8.164.285,46";"148.751,47";"638.094,48";"8.951.131,41"
"BELMIRO BRAGA";"2.941.361,55";"53.518,49";"135.007,13";"3.129.887,17"
"BELO HORIZONTE";"848.099.543,89";"15.439.460,39";"526.813.087,15";"1.390.352.091,43"
"BELO ORIENTE";"23.005.353,53";"418.911,11";"1.355.591,86";"24.779.856,50"
"BELO VALE";"13.133.151,08";"239.118,00";"601.263,82";"13.973.532,90"
"BERILO";"1.995.283,02";"36.363,14";"299.786,55";"2.331.432,71"
"BERIZAL";"1.344.821,67";"24.469,49";"120.325,66";"1.489.616,82"
"BERTOPOLIS";"1.497.556,67";"27.260,75";"78.091,56";"1.602.908,98"
"BETIM";"685.390.932,24";"12.475.705,56";"45.191.024,55";"743.057.662,35"
"BIAS FORTES";"1.298.486,78";"23.650,81";"73.986,32";"1.396.123,91"
"BICAS";"3.620.510,71";"65.830,06";"1.318.200,11";"5.004.540,88"
"BIQUINHAS";"1.738.516,50";"31.665,26";"209.672,76";"1.979.854,52"
"BOA ESPERANCA";"11.401.645,74";"207.456,79";"3.526.252,51";"15.135.355,04"
"BOCAINA DE MINAS";"1.741.965,54";"31.718,59";"249.637,88";"2.023.322,01"
"BOCAIUVA";"10.801.030,93";"196.710,40";"2.647.806,85";"13.645.548,18"
"BOM DESPACHO";"14.108.199,40";"256.874,57";"5.856.887,98";"20.221.961,95"
"BOM JARDIM DE MINAS";"2.517.190,09";"45.894,76";"418.828,57";"2.981.913,42"
"BOM JESUS DA PENHA";"2.539.564,43";"46.198,23";"370.542,64";"2.956.305,30"
"BOM JESUS DO AMPARO";"2.263.975,65";"41.272,85";"292.983,03";"2.598.231,53"
"BOM JESUS DO GALHO";"2.538.279,30";"46.206,72";"448.172,61";"3.032.658,63"
"BOM REPOUSO";"3.469.268,34";"63.110,62";"977.072,15";"4.509.451,11"
"BOM SUCESSO";"5.038.100,58";"91.697,88";"959.898,23";"6.089.696,69"
"BONFIM";"2.313.692,36";"42.129,92";"480.590,68";"2.836.412,96"
"BONFINOPOLIS DE MINAS";"6.962.167,49";"126.810,97";"264.186,84";"7.353.165,30"
"BONITO DE MINAS";"2.792.331,52";"50.863,49";"90.874,95";"2.934.069,96"
"BORDA DA MATA";"4.555.152,23";"82.959,80";"1.401.445,66";"6.039.557,69"
"BOTELHOS";"4.182.982,63";"76.129,74";"1.056.089,08";"5.315.201,45"
"BOTUMIRIM";"1.960.903,41";"35.642,14";"96.469,97";"2.093.015,52"
"BRAS PIRES";"1.471.189,47";"26.780,13";"180.142,40";"1.678.112,00"
"BRASILANDIA DE MINAS";"4.654.209,52";"84.751,89";"799.794,95";"5.538.756,36"
"BRASILIA DE MINAS";"4.998.453,96";"90.877,28";"1.290.262,05";"6.379.593,29"
"BRASOPOLIS";"3.549.990,22";"64.618,68";"902.758,49";"4.517.367,39"
"BRAUNAS";"3.608.789,91";"65.713,90";"146.595,58";"3.821.099,39"
"BRUMADINHO";"68.864.214,82";"1.253.506,93";"4.339.781,34";"74.457.503,09"
"BUENO BRANDAO";"2.788.917,96";"50.767,92";"892.878,32";"3.732.564,20"
"BUENOPOLIS";"3.817.346,55";"69.469,62";"403.293,84";"4.290.110,01"
"BUGRE";"1.401.927,08";"25.443,52";"138.107,44";"1.565.478,04"
"BURITIS";"18.834.448,84";"342.932,66";"955.888,84";"20.133.270,34"
"BURITIZEIRO";"8.624.393,85";"157.040,05";"953.155,77";"9.734.589,67"
"CABECEIRA GRANDE";"5.756.638,50";"104.808,25";"129.173,92";"5.990.620,67"
"CABO VERDE";"4.481.141,70";"81.593,93";"734.681,04";"5.297.416,67"
"CACHOEIRA DA PRATA";"1.700.394,16";"30.948,63";"240.780,34";"1.972.123,13"
"CACHOEIRA DE MINAS";"3.763.461,20";"68.508,25";"736.285,88";"4.568.255,33"
"CACHOEIRA DO PAJEU";"2.460.060,88";"44.796,25";"167.854,94";"2.672.712,07"
"CACHOEIRA DOURADA";"14.300.992,09";"260.430,17";"131.886,71";"14.693.308,97"
"CAETANOPOLIS";"3.006.133,09";"54.730,72";"640.636,64";"3.701.500,45"
"CAETE";"11.154.742,10";"203.032,22";"2.938.892,67";"14.296.666,99"
"CAIANA";"1.887.264,19";"34.365,26";"225.159,83";"2.146.789,28"
"CAJURI";"2.073.392,66";"37.614,19";"177.157,65";"2.288.164,50"
"CALDAS";"4.565.503,59";"83.106,46";"1.000.004,15";"5.648.614,20"
"CAMACHO";"1.499.650,92";"27.304,54";"132.780,74";"1.659.736,20"
"CAMANDUCAIA";"7.563.079,49";"137.636,92";"2.024.179,34";"9.724.895,75"
"CAMBUI";"10.635.556,87";"193.600,90";"3.030.358,46";"13.859.516,23"
"CAMBUQUIRA";"3.536.339,69";"64.404,30";"720.150,90";"4.320.894,89"
"CAMPANARIO";"1.313.502,61";"23.921,03";"89.351,99";"1.426.775,63"
"CAMPANHA";"4.759.264,50";"86.617,52";"1.224.946,62";"6.070.828,64"
"CAMPESTRE";"5.330.586,97";"97.000,71";"1.635.753,41";"7.063.341,09"
"CAMPINA VERDE";"10.028.454,25";"182.589,58";"1.640.839,19";"11.851.883,02"
"CAMPO AZUL";"1.592.287,61";"28.951,04";"51.252,02";"1.672.490,67"
"CAMPO BELO";"10.146.875,14";"184.798,92";"4.996.385,20";"15.328.059,26"
"CAMPO DO MEIO";"3.874.563,37";"70.485,01";"569.323,96";"4.514.372,34"
"CAMPO FLORIDO";"11.057.760,36";"201.327,64";"820.622,49";"12.079.710,49"
"CAMPOS ALTOS";"7.549.289,94";"137.474,10";"1.069.285,67";"8.756.049,71"
"CAMPOS GERAIS";"7.534.490,40";"137.115,70";"1.358.472,06";"9.030.078,16"
"CANA VERDE";"1.914.250,42";"34.834,49";"257.468,18";"2.206.553,09"
"CANAA";"2.350.332,39";"42.865,28";"217.363,67";"2.610.561,34"
"CANAPOLIS";"8.807.581,78";"160.179,56";"611.901,06";"9.579.662,40"
"CANDEIAS";"4.399.618,65";"80.113,76";"1.044.833,88";"5.524.566,29"
"CANTAGALO";"1.633.223,12";"29.765,51";"108.561,67";"1.771.550,30"
"CAPARAO";"2.142.471,11";"38.983,43";"302.546,16";"2.484.000,70"
"CAPELA NOVA";"1.362.134,93";"24.801,65";"184.890,61";"1.571.827,19"
"CAPELINHA";"6.731.627,04";"122.527,56";"2.580.235,17";"9.434.389,77"
"CAPETINGA";"2.663.450,71";"48.486,98";"389.427,04";"3.101.364,73"
"CAPIM BRANCO";"3.032.640,86";"55.176,26";"567.524,83";"3.655.341,95"
"CAPINOPOLIS";"11.361.530,81";"206.875,30";"1.286.077,79";"12.854.483,90"
"CAPITAO ANDRADE";"1.894.933,07";"34.617,95";"183.750,34";"2.113.301,36"
"CAPITAO ENEAS";"5.761.449,69";"105.018,61";"344.141,43";"6.210.609,73"
"CAPITOLIO";"5.006.921,53";"91.160,64";"957.902,01";"6.055.984,18"
"CAPUTIRA";"2.013.839,79";"36.653,22";"458.367,31";"2.508.860,32"
"CARAI";"3.803.916,50";"69.277,94";"291.357,58";"4.164.552,02"
"CARANAIBA";"2.620.533,28";"47.774,64";"108.344,07";"2.776.651,99"
"CARANDAI";"9.774.679,80";"177.971,00";"1.989.067,55";"11.941.718,35"
"CARANGOLA";"5.675.264,78";"103.301,16";"2.405.888,15";"8.184.454,09"
"CARATINGA";"17.421.217,58";"316.914,09";"7.902.208,32";"25.640.339,99"
"CARBONITA";"4.205.071,03";"76.503,59";"428.824,17";"4.710.398,79"
"CAREACU";"2.447.294,95";"44.565,90";"414.935,13";"2.906.795,98"
"CARLOS CHAGAS";"6.867.693,89";"125.016,13";"933.241,31";"7.925.951,33"
"CARMESIA";"1.901.425,96";"34.706,57";"1.231.226,58";"3.167.359,11"
"CARMO DA CACHOEIRA";"4.710.567,68";"85.762,49";"602.348,22";"5.398.678,39"
"CARMO DA MATA";"3.396.366,59";"61.901,07";"717.244,55";"4.175.512,21"
"CARMO DE MINAS";"3.557.873,92";"64.779,24";"634.743,22";"4.257.396,38"
"CARMO DO CAJURU";"5.965.098,36";"108.594,31";"1.542.241,79";"7.615.934,46"
"CARMO DO PARANAIBA";"10.827.847,24";"197.082,37";"3.226.089,82";"14.251.019,43"
"CARMO DO RIO CLARO";"7.987.267,85";"145.329,28";"1.610.544,82";"9.743.141,95"
"CARMOPOLIS DE MINAS";"6.211.472,53";"113.243,55";"1.463.857,18";"7.788.573,26"
"CARNEIRINHO";"19.344.928,85";"352.128,86";"790.828,61";"20.487.886,32"
"CARRANCAS";"2.068.615,92";"37.671,90";"205.152,62";"2.311.440,44"
"CARVALHOPOLIS";"2.071.603,05";"37.640,70";"214.119,76";"2.323.363,51"
"CARVALHOS";"1.434.503,86";"26.045,22";"220.175,90";"1.680.724,98"
"CASA GRANDE";"1.632.919,53";"29.796,27";"111.119,29";"1.773.835,09"
"CASCALHO RICO";"3.110.490,82";"56.643,45";"161.193,83";"3.328.328,10"
"CASSIA";"6.154.614,70";"112.089,75";"1.659.590,35";"7.926.294,80"
"CATAGUASES";"18.451.560,38";"335.930,65";"6.456.759,57";"25.244.250,60"
"CATAS ALTAS";"12.453.720,71";"226.766,96";"528.268,90";"13.208.756,57"
"CATAS ALTAS DA NORUEGA";"1.634.250,96";"29.696,89";"108.272,89";"1.772.220,74"
"CATUJI";"2.080.481,39";"37.852,94";"179.413,49";"2.297.747,82"
"CATUTI";"1.875.703,09";"34.097,50";"99.613,73";"2.009.414,32"
"CAXAMBU";"4.513.248,13";"82.146,64";"1.883.112,41";"6.478.507,18"
"CEDRO DO ABAETE";"1.460.255,73";"26.587,30";"42.815,53";"1.529.658,56"
"CENTRAL DE MINAS";"1.871.898,92";"34.096,19";"345.509,57";"2.251.504,68"
"CENTRALINA";"3.947.828,92";"71.987,06";"362.877,50";"4.382.693,48"
"CHACARA";"1.728.291,34";"31.356,85";"120.417,41";"1.880.065,60"
"CHALE";"1.900.679,01";"34.607,47";"340.362,62";"2.275.649,10"
"CHAPADA DO NORTE";"2.751.140,57";"50.085,04";"186.856,07";"2.988.081,68"
"CHAPADA GAUCHA";"5.892.419,79";"107.192,04";"425.036,75";"6.424.648,58"
"CHIADOR";"1.740.743,49";"31.628,01";"132.510,92";"1.904.882,42"
"CIPOTANEA";"1.401.504,68";"25.522,19";"257.690,96";"1.684.717,83"
"CLARAVAL";"2.793.303,38";"50.874,78";"207.744,90";"3.051.923,06"
"CLARO DOS POCOES";"2.297.434,86";"41.819,55";"179.880,26";"2.519.134,67"
"CLAUDIO";"9.429.457,04";"171.625,99";"2.778.603,21";"12.379.686,24"
"COIMBRA";"2.865.930,23";"52.263,64";"491.753,78";"3.409.947,65"
"COLUNA";"2.260.995,03";"41.186,79";"300.447,03";"2.602.628,85"
"COMENDADOR GOMES";"3.463.591,97";"63.124,77";"196.303,61";"3.723.020,35"
"COMERCINHO";"2.378.939,61";"43.317,12";"144.766,90";"2.567.023,63"
"CONCEICAO DA APARECIDA";"4.257.955,81";"77.468,79";"757.148,89";"5.092.573,49"
"CONCEICAO DA BARRA DE MINAS";"1.808.668,49";"33.022,33";"139.765,89";"1.981.456,71"
"CONCEICAO DAS ALAGOAS";"22.699.457,94";"413.303,84";"2.132.458,41";"25.245.220,19"
"CONCEICAO DAS PEDRAS";"1.489.813,30";"27.127,53";"168.808,74";"1.685.749,57"
"CONCEICAO DE IPANEMA";"1.819.041,24";"33.115,41";"201.281,36";"2.053.438,01"
"CONCEICAO DO MATO DENTRO";"6.399.834,25";"116.548,50";"1.123.507,95";"7.639.890,70"
"CONCEICAO DO PARA";"4.462.129,89";"81.145,43";"328.655,68";"4.871.931,00"
"CONCEICAO DO RIO VERDE";"3.975.842,73";"72.365,50";"658.763,10";"4.706.971,33"
"CONCEICAO DOS OUROS";"3.783.095,77";"68.848,66";"785.432,72";"4.637.377,15"
"CONEGO MARINHO";"2.023.808,07";"36.839,71";"80.378,16";"2.141.025,94"
"CONFINS";"7.335.945,72";"133.643,54";"730.789,24";"8.200.378,50"
"CONGONHAL";"3.513.878,28";"63.974,34";"933.438,00";"4.511.290,62"
"CONGONHAS";"113.799.004,64";"2.071.131,11";"6.080.538,08";"121.950.673,83"
"CONGONHAS DO NORTE";"1.401.997,68";"25.530,11";"152.519,34";"1.580.047,13"
"CONQUISTA";"7.733.090,73";"140.657,27";"529.927,79";"8.403.675,79"
"CONSELHEIRO LAFAIETE";"23.426.679,43";"426.540,48";"15.677.310,42";"39.530.530,33"
"CONSELHEIRO PENA";"4.869.743,45";"88.649,48";"1.151.225,69";"6.109.618,62"
"CONSOLACAO";"1.467.537,95";"26.703,53";"54.065,26";"1.548.306,74"
"CONTAGEM";"392.144.909,85";"7.139.787,00";"80.908.079,17";"480.192.776,02"
"COQUEIRAL";"2.941.696,43";"53.539,97";"513.778,42";"3.509.014,82"
"CORACAO DE JESUS";"4.265.219,21";"77.653,04";"720.229,15";"5.063.101,40"
"CORDISBURGO";"2.748.063,90";"50.094,98";"325.192,58";"3.123.351,46"
"CORDISLANDIA";"1.758.642,34";"32.016,75";"130.885,65";"1.921.544,74"
"CORINTO";"4.928.555,04";"89.698,95";"1.293.341,00";"6.311.594,99"
"COROACI";"2.453.167,92";"44.647,29";"293.537,23";"2.791.352,44"
"COROMANDEL";"17.705.055,73";"322.418,62";"2.812.232,83";"20.839.707,18"
"CORONEL FABRICIANO";"17.348.634,39";"315.931,60";"9.569.574,68";"27.234.140,67"
"CORONEL MURTA";"2.547.369,33";"46.424,37";"262.446,12";"2.856.239,82"
"CORONEL PACHECO";"1.780.625,48";"32.415,31";"108.257,70";"1.921.298,49"
"CORONEL XAVIER CHAVES";"1.989.412,40";"36.238,63";"179.033,47";"2.204.684,50"
"CORREGO DANTA";"2.098.921,87";"38.222,72";"186.719,48";"2.323.864,07"
"CORREGO DO BOM JESUS";"1.305.007,12";"23.792,13";"245.567,58";"1.574.366,83"
"CORREGO FUNDO";"5.050.616,24";"92.035,81";"457.969,37";"5.600.621,42"
"CORREGO NOVO";"1.507.490,50";"27.447,67";"82.157,75";"1.617.095,92"
"COUTO DE MAGALHAES DE MINAS";"1.756.961,04";"31.984,72";"186.586,30";"1.975.532,06"
"CRISOLITA";"2.314.942,28";"42.155,54";"109.711,48";"2.466.809,30"
"CRISTAIS";"3.783.459,81";"68.856,60";"796.967,15";"4.649.283,56"
"CRISTALIA";"2.265.977,05";"41.315,71";"92.307,63";"2.399.600,39"
"CRISTIANO OTONI";"2.373.834,45";"43.287,33";"357.363,40";"2.774.485,18"
"CRISTINA";"2.996.258,48";"54.543,48";"480.979,35";"3.531.781,31"
"CRUCILANDIA";"2.032.271,89";"36.995,64";"377.727,11";"2.446.994,64"
"CRUZEIRO DA FORTALEZA";"2.889.204,49";"52.617,31";"308.313,77";"3.250.135,57"
"CRUZILIA";"3.576.381,13";"65.039,77";"978.860,68";"4.620.281,58"
"CUPARAQUE";"1.719.471,12";"31.300,77";"162.135,65";"1.912.907,54"
"CURRAL DE DENTRO";"2.190.764,47";"39.943,55";"219.874,05";"2.450.582,07"
"CURVELO";"17.824.937,44";"324.569,78";"7.433.715,68";"25.583.222,90"
"DATAS";"2.150.499,57";"39.203,62";"172.213,34";"2.361.916,53"
"DELFIM MOREIRA";"2.832.747,71";"51.572,38";"351.604,70";"3.235.924,79"
"DELFINOPOLIS";"5.094.803,93";"92.825,83";"443.485,51";"5.631.115,27"
"DELTA";"7.924.876,58";"144.282,47";"828.763,25";"8.897.922,30"
"DESCOBERTO";"1.907.394,50";"34.646,90";"248.332,53";"2.190.373,93"
"DESTERRO DE ENTRE RIOS";"1.783.434,97";"32.471,27";"349.502,88";"2.165.409,12"
"DESTERRO DO MELO";"1.860.751,73";"33.933,16";"130.008,62";"2.024.693,51"
"DIAMANTINA";"8.714.505,76";"158.700,82";"4.001.371,99";"12.874.578,57"
"DIOGO DE VASCONCELOS";"1.656.150,91";"30.153,94";"91.665,23";"1.777.970,08"
"DIONISIO";"2.747.078,39";"50.071,92";"291.285,95";"3.088.436,26"
"DIVINESIA";"1.672.142,66";"30.403,19";"166.238,94";"1.868.784,79"
"DIVINO";"3.607.810,90";"65.684,47";"1.213.852,57";"4.887.347,94"
"DIVINO DAS LARANJEIRAS";"1.570.397,40";"28.581,09";"187.333,18";"1.786.311,67"
"DIVINOLANDIA DE MINAS";"1.949.620,53";"35.495,02";"301.910,18";"2.287.025,73"
"DIVINOPOLIS";"71.215.944,71";"1.296.814,37";"29.151.740,50";"101.664.499,58"
"DIVISA ALEGRE";"3.114.046,43";"56.691,98";"116.665,40";"3.287.403,81"
"DIVISA NOVA";"2.266.095,30";"41.256,06";"249.306,06";"2.556.657,42"
"DIVISOPOLIS";"2.031.353,26";"36.977,13";"119.146,97";"2.187.477,36"
"DOM BOSCO";"1.877.370,44";"34.203,61";"142.270,37";"2.053.844,42"
"DOM CAVATI";"1.482.186,34";"26.976,63";"354.305,05";"1.863.468,02"
"DOM JOAQUIM";"1.902.365,58";"34.718,25";"147.819,24";"2.084.903,07"
"DOM SILVERIO";"2.186.347,10";"39.846,49";"299.801,24";"2.525.994,83"
"DOM VICOSO";"1.240.336,98";"22.580,12";"123.744,23";"1.386.661,33"
"DONA EUZEBIA";"2.017.222,43";"36.629,76";"528.501,77";"2.582.353,96"
"DORES DE CAMPOS";"4.129.546,34";"75.137,52";"658.625,11";"4.863.308,97"
"DORES DE GUANHAES";"3.485.057,58";"63.569,02";"225.114,49";"3.773.741,09"
"DORES DO INDAIA";"4.575.985,35";"83.254,99";"1.169.211,54";"5.828.451,88"
"DORES DO TURVO";"1.678.958,61";"30.624,61";"233.635,01";"1.943.218,23"
"DORESOPOLIS";"1.599.593,08";"29.211,31";"86.495,94";"1.715.300,33"
"DOURADOQUARA";"2.041.220,63";"37.159,45";"121.919,43";"2.200.299,51"
"DURANDE";"2.258.931,29";"41.144,34";"420.605,71";"2.720.681,34"
"ELOI MENDES";"7.148.826,03";"130.089,58";"1.929.128,95";"9.208.044,56"
"ENGENHEIRO CALDAS";"2.977.609,09";"54.216,67";"536.652,17";"3.568.477,93"
"ENGENHEIRO NAVARRO";"2.311.143,17";"41.999,79";"176.392,84";"2.529.535,80"
"ENTRE FOLHAS";"1.341.110,16";"24.392,38";"240.183,94";"1.605.686,48"
"ENTRE RIOS DE MINAS";"2.845.097,74";"51.837,73";"1.245.880,76";"4.142.816,23"
"ERVALIA";"4.629.860,32";"84.355,76";"1.246.110,55";"5.960.326,63"
"ESMERALDAS";"9.600.928,08";"174.774,07";"2.693.438,91";"12.469.141,06"
"ESPERA FELIZ";"4.831.008,37";"87.905,19";"1.658.212,04";"6.577.125,60"
"ESPINOSA";"4.816.268,49";"87.702,65";"1.071.292,59";"5.975.263,73"
"ESPIRITO SANTO DO DOURADO";"2.003.210,71";"36.470,50";"286.290,48";"2.325.971,69"
"ESTIVA";"3.317.227,60";"60.389,14";"973.876,63";"4.351.493,37"
"ESTRELA DALVA";"1.342.311,37";"24.482,13";"112.436,35";"1.479.229,85"
"ESTRELA DO INDAIA";"1.974.145,52";"35.954,19";"189.473,22";"2.199.572,93"
"ESTRELA DO SUL";"6.349.853,78";"115.581,40";"397.081,47";"6.862.516,65"
"EUGENOPOLIS";"2.951.390,03";"53.738,21";"670.189,00";"3.675.317,24"
"EWBANK DA CAMARA";"1.253.519,45";"22.826,02";"154.811,07";"1.431.156,54"
"EXTREMA";"83.637.251,31";"1.524.093,03";"3.711.605,61";"88.872.949,95"
"FAMA";"1.418.453,02";"25.816,51";"157.359,26";"1.601.628,79"
"FARIA LEMOS";"1.426.572,18";"26.041,48";"148.019,08";"1.600.632,74"
"FELICIO DOS SANTOS";"2.165.728,13";"39.441,11";"151.346,22";"2.356.515,46"
"FELISBURGO";"2.121.703,77";"38.646,70";"188.229,73";"2.348.580,20"
"FELIXLANDIA";"4.916.234,40";"89.463,50";"719.520,61";"5.725.218,51"
"FERNANDES TOURINHO";"1.610.075,33";"29.225,09";"119.620,75";"1.758.921,17"
"FERROS";"2.403.230,76";"43.772,97";"401.066,39";"2.848.070,12"
"FERVEDOURO";"2.834.551,09";"51.612,04";"473.223,95";"3.359.387,08"
"FLORESTAL";"2.855.215,47";"52.035,30";"601.729,56";"3.508.980,33"
"FORMIGA";"16.620.527,90";"302.504,26";"8.196.085,43";"25.119.117,59"
"FORMOSO";"5.856.955,69";"106.649,60";"89.598,97";"6.053.204,26"
"FORTALEZA DE MINAS";"2.693.877,51";"49.077,65";"245.428,53";"2.988.383,69"
"FORTUNA DE MINAS";"1.620.413,32";"29.504,86";"142.002,51";"1.791.920,69"
"FRANCISCO BADARO";"1.890.485,58";"34.424,27";"204.848,72";"2.129.758,57"
"FRANCISCO DUMONT";"2.206.626,40";"40.141,07";"121.662,37";"2.368.429,84"
"FRANCISCO SA";"4.135.215,32";"75.355,83";"821.446,09";"5.032.017,24"
"FRANCISCOPOLIS";"1.920.485,81";"34.976,52";"102.127,39";"2.057.589,72"
"FREI GASPAR";"2.039.847,40";"37.145,28";"110.551,61";"2.187.544,29"
"FREI INOCENCIO";"2.617.520,84";"47.653,31";"341.946,64";"3.007.120,79"
"FREI LAGONEGRO";"1.207.151,96";"21.955,51";"78.269,17";"1.307.376,64"
"FRONTEIRA";"20.510.437,79";"373.663,56";"959.682,53";"21.843.783,88"
"FRONTEIRA DOS VALES";"1.220.565,16";"22.214,68";"83.859,48";"1.326.639,32"
"FRUTA DE LEITE";"1.295.494,95";"23.562,86";"82.104,87";"1.401.162,68"
"FRUTAL";"28.011.427,61";"509.972,41";"7.399.063,46";"35.920.463,48"
"FUNILANDIA";"1.714.503,70";"31.273,75";"170.358,53";"1.916.135,98"
"GALILEIA";"2.143.646,76";"39.033,83";"278.028,51";"2.460.709,10"
"GAMELEIRAS";"2.003.125,15";"36.483,71";"96.312,96";"2.135.921,82"
"GLAUCILANDIA";"1.153.397,66";"21.056,33";"27.306,82";"1.201.760,81"
"GOIABEIRA";"1.304.322,12";"23.792,77";"125.967,94";"1.454.082,83"
"GOIANA";"1.690.030,55";"30.699,35";"181.139,53";"1.901.869,43"
"GONCALVES";"1.963.898,80";"35.783,68";"330.144,92";"2.329.827,40"
"GONZAGA";"2.457.325,53";"44.651,95";"227.219,65";"2.729.197,13"
"GOUVEA";"2.752.258,77";"50.111,08";"560.685,94";"3.363.055,79"
"GOVERNADOR VALADARES";"58.890.878,96";"1.071.976,00";"27.307.485,17";"87.270.340,13"
"GRAO MOGOL";"10.542.642,60";"191.849,96";"350.574,02";"11.085.066,58"
"GRUPIARA";"2.132.470,18";"38.830,53";"86.653,95";"2.257.954,66"
"GUANHAES";"7.387.682,01";"134.545,61";"3.368.017,60";"10.890.245,22"
"GUAPE";"4.824.104,64";"87.704,41";"830.545,00";"5.742.354,05"
"GUARACIABA";"2.672.316,98";"48.682,80";"331.288,91";"3.052.288,69"
"GUARACIAMA";"1.662.596,31";"30.258,41";"131.257,05";"1.824.111,77"
"GUARANESIA";"7.194.397,48";"130.937,06";"1.617.675,58";"8.943.010,12"
"GUARANI";"4.096.711,56";"74.616,16";"442.739,27";"4.614.066,99"
"GUARARA";"2.229.347,08";"40.586,09";"194.600,31";"2.464.533,48"
"GUARDA-MOR";"13.008.416,43";"237.191,98";"506.034,89";"13.751.643,30"
"GUAXUPE";"17.418.090,02";"316.889,26";"6.952.206,06";"24.687.185,34"
"GUIDOVAL";"2.330.483,79";"42.420,57";"461.057,95";"2.833.962,31"
"GUIMARANIA";"4.381.515,59";"79.780,32";"516.940,61";"4.978.236,52"
"GUIRICEMA";"2.590.908,35";"47.225,57";"661.722,05";"3.299.855,97"
"GURINHATA";"4.438.362,44";"80.802,39";"360.273,86";"4.879.438,69"
"HELIODORA";"2.439.114,33";"44.394,46";"324.178,42";"2.807.687,21"
"IAPU";"2.295.738,34";"41.836,73";"524.082,11";"2.861.657,18"
"IBERTIOGA";"1.657.564,84";"30.299,08";"169.432,46";"1.857.296,38"
"IBIA";"14.373.963,71";"261.738,73";"2.081.432,81";"16.717.135,25"
"IBIAI";"2.291.084,67";"41.715,80";"208.407,85";"2.541.208,32"
"IBIRACATU";"1.921.936,91";"34.967,44";"82.608,88";"2.039.513,23"
"IBIRACI";"11.985.323,73";"218.265,88";"902.871,63";"13.106.461,24"
"IBIRITE";"46.255.918,59";"842.200,84";"11.227.457,95";"58.325.577,38"
"IBITIURA DE MINAS";"1.465.977,76";"26.681,09";"212.680,66";"1.705.339,51"
"IBITURUNA";"1.320.986,77";"24.051,00";"93.846,85";"1.438.884,62"
"ICARAI DE MINAS";"2.214.308,63";"40.292,22";"178.451,91";"2.433.052,76"
"IGARAPE";"14.185.029,99";"258.141,25";"3.343.994,82";"17.787.166,06"
"IGARATINGA";"4.512.868,93";"82.183,43";"1.084.904,01";"5.679.956,37"
"IGUATAMA";"5.654.809,98";"103.000,30";"577.714,27";"6.335.524,55"
"IJACI";"12.943.561,37";"235.627,13";"637.714,46";"13.816.902,96"
"ILICINEA";"4.297.257,23";"78.223,21";"720.560,53";"5.096.040,97"
"IMBE DE MINAS";"1.766.429,10";"32.134,88";"226.849,75";"2.025.413,73"
"INCONFIDENTES";"2.616.647,09";"47.643,74";"536.764,60";"3.201.055,43"
"INDAIABIRA";"2.211.171,35";"40.278,14";"138.322,95";"2.389.772,44"
"INDIANOPOLIS";"12.926.982,31";"235.386,15";"439.824,85";"13.602.193,31"
"INGAI";"2.141.499,52";"38.986,32";"91.069,70";"2.271.555,54"
"INHAPIM";"4.128.366,04";"75.211,02";"1.682.416,32";"5.885.993,38"
"INHAUMA";"2.985.991,50";"54.362,90";"377.533,99";"3.417.888,39"
"INIMUTABA";"2.238.928,65";"40.765,94";"232.369,48";"2.512.064,07"
"IPABA";"3.142.135,80";"57.157,40";"487.652,51";"3.686.945,71"
"IPANEMA";"4.220.932,52";"76.849,03";"1.333.013,00";"5.630.794,55"
"IPATINGA";"151.812.774,91";"2.762.733,11";"32.408.169,61";"186.983.677,63"
"IPIACU";"5.938.330,39";"108.153,17";"247.893,45";"6.294.377,01"
"IPUIUNA";"4.055.405,71";"73.845,99";"889.613,22";"5.018.864,92"
"IRAI DE MINAS";"4.742.785,56";"86.366,39";"710.291,99";"5.539.443,94"
"ITABIRA";"148.070.340,99";"2.694.474,00";"14.092.239,09";"164.857.054,08"
"ITABIRINHA DE MANTENA";"2.321.872,53";"42.309,80";"507.537,31";"2.871.719,64"
"ITABIRITO";"79.457.351,09";"1.447.321,55";"6.145.258,67";"87.049.931,31"
"ITACAMBIRA";"2.806.866,34";"51.068,90";"46.592,63";"2.904.527,87"
"ITACARAMBI";"4.664.117,46";"84.876,70";"497.855,42";"5.246.849,58"
"ITAGUARA";"3.693.368,05";"67.238,54";"1.473.095,31";"5.233.701,90"
"ITAIPE";"2.459.684,93";"44.837,18";"299.925,41";"2.804.447,52"
"ITAJUBA";"35.601.901,16";"647.894,59";"10.833.132,47";"47.082.928,22"
"ITAMARANDIBA";"8.717.588,83";"158.774,43";"1.839.915,87";"10.716.279,13"
"ITAMARATI DE MINAS";"2.825.765,60";"51.352,43";"291.925,82";"3.169.043,85"
"ITAMBACURI";"4.487.675,61";"81.705,98";"857.374,02";"5.426.755,61"
"ITAMBE DO MATO DENTRO";"1.565.004,49";"28.567,17";"67.200,67";"1.660.772,33"
"ITAMOGI";"4.381.062,18";"79.812,26";"820.254,23";"5.281.128,67"
"ITAMONTE";"7.076.903,78";"128.942,76";"1.128.057,54";"8.333.904,08"
"ITANHANDU";"6.283.642,21";"114.360,06";"1.491.350,19";"7.889.352,46"
"ITANHOMI";"2.596.797,60";"47.353,81";"614.923,87";"3.259.075,28"
"ITAOBIM";"3.775.179,66";"68.681,77";"903.445,15";"4.747.306,58"
"ITAPAGIPE";"11.220.837,02";"204.278,63";"1.407.149,72";"12.832.265,37"
"ITAPECERICA";"6.068.508,14";"110.468,33";"1.210.167,76";"7.389.144,23"
"ITAPEVA";"5.292.418,37";"96.375,31";"1.018.451,72";"6.407.245,40"
"ITATIAIUCU";"40.105.598,49";"729.915,07";"1.031.275,58";"41.866.789,14"
"ITAU DE MINAS";"20.239.608,05";"368.373,04";"2.221.712,84";"22.829.693,93"
"ITAUNA";"36.086.473,43";"657.038,72";"12.410.524,41";"49.154.036,56"
"ITAVERAVA";"1.611.922,46";"29.368,57";"238.599,47";"1.879.890,50"
"ITINGA";"3.271.950,60";"59.510,54";"257.034,79";"3.588.495,93"
"ITUETA";"2.452.024,69";"44.699,18";"236.596,78";"2.733.320,65"
"ITUIUTABA";"42.796.467,08";"778.941,76";"12.548.860,99";"56.124.269,83"
"ITUMIRIM";"1.675.287,14";"30.503,72";"265.195,28";"1.970.986,14"
"ITURAMA";"42.882.805,63";"780.637,10";"5.241.588,54";"48.905.031,27"
"ITUTINGA";"3.556.388,00";"64.763,13";"227.776,52";"3.848.927,65"
"JABOTICATUBAS";"4.049.404,80";"73.696,97";"1.223.302,73";"5.346.404,50"
"JACINTO";"2.502.208,37";"45.536,45";"344.686,20";"2.892.431,02"
"JACUI";"3.282.599,19";"59.837,60";"618.344,53";"3.960.781,32"
"JACUTINGA";"9.260.496,37";"168.619,70";"2.354.033,30";"11.783.149,37"
"JAGUARACU";"1.933.962,88";"35.253,68";"127.604,56";"2.096.821,12"
"JAIBA";"11.359.728,73";"206.848,77";"1.438.171,68";"13.004.749,18"
"JAMPRUCA";"1.818.948,60";"33.108,76";"73.038,16";"1.925.095,52"
"JANAUBA";"12.059.553,28";"219.576,60";"4.659.132,85";"16.938.262,73"
"JANUARIA";"9.384.096,20";"171.128,78";"2.654.809,98";"12.210.034,96"
"JAPARAIBA";"1.931.186,79";"35.215,07";"282.571,12";"2.248.972,98"
"JAPONVAR";"1.963.002,30";"35.733,83";"180.847,01";"2.179.583,14"
"JECEABA";"11.461.238,65";"209.125,64";"348.464,40";"12.018.828,69"
"JENIPAPO DE MINAS";"2.111.713,18";"38.476,79";"169.529,82";"2.319.719,79"
"JEQUERI";"4.294.601,85";"78.223,49";"571.085,55";"4.943.910,89"
"JEQUITAI";"2.837.104,42";"51.619,43";"205.507,62";"3.094.231,47"
"JEQUITIBA";"2.744.961,34";"49.993,60";"268.467,56";"3.063.422,50"
"JEQUITINHONHA";"4.462.464,61";"81.125,92";"678.159,02";"5.221.749,55"
"JESUANIA";"1.863.261,43";"33.935,61";"241.085,68";"2.138.282,72"
"JOAIMA";"3.332.613,96";"60.616,86";"417.650,84";"3.810.881,66"
"JOANESIA";"2.180.946,67";"39.725,86";"152.804,44";"2.373.476,97"
"JOAO MONLEVADE";"37.602.670,50";"684.404,09";"9.593.352,77";"47.880.427,36"
"JOAO PINHEIRO";"22.953.849,58";"418.116,59";"3.822.203,31";"27.194.169,48"
"JOAQUIM FELICIO";"2.391.734,29";"43.547,27";"130.402,30";"2.565.683,86"
"JORDANIA";"1.700.766,22";"30.994,82";"184.572,99";"1.916.334,03"
"JOSE GONCALVES DE MINAS";"1.626.191,71";"29.651,03";"143.497,21";"1.799.339,95"
"JOSE RAYDAN";"2.273.005,38";"41.403,85";"124.411,40";"2.438.820,63"
"JOSENOPOLIS";"1.868.027,50";"33.961,57";"43.805,96";"1.945.795,03"
"JUATUBA";"34.025.881,92";"619.342,52";"1.772.374,97";"36.417.599,41"
"JUIZ DE FORA";"166.394.842,08";"3.029.611,43";"69.648.042,61";"239.072.496,12"
"JURAMENTO";"1.658.061,81";"30.239,83";"60.234,68";"1.748.536,32"
"JURUAIA";"3.670.051,74";"66.828,55";"1.018.968,90";"4.755.849,19"
"JUVENILIA";"2.099.384,14";"38.218,90";"83.138,91";"2.220.741,95"
"LADAINHA";"2.899.283,04";"52.781,18";"291.265,70";"3.243.329,92"
"LAGAMAR";"4.288.080,71";"78.022,35";"540.318,47";"4.906.421,53"
"LAGOA DA PRATA";"16.528.784,81";"300.935,26";"6.115.767,82";"22.945.487,89"
"LAGOA DOS PATOS";"1.945.387,33";"35.463,16";"90.250,01";"2.071.100,50"
"LAGOA DOURADA";"4.179.594,37";"76.104,31";"903.609,82";"5.159.308,50"
"LAGOA FORMOSA";"5.988.057,65";"108.978,82";"1.675.339,29";"7.772.375,76"
"LAGOA GRANDE";"4.873.249,34";"88.822,23";"468.489,12";"5.430.560,69"
"LAGOA SANTA";"23.991.056,04";"436.794,58";"7.247.379,81";"31.675.230,43"
"LAJINHA";"4.576.911,85";"83.240,74";"1.075.359,45";"5.735.512,04"
"LAMBARI";"5.059.547,76";"92.110,48";"1.813.359,31";"6.965.017,55"
"LAMIM";"1.372.118,90";"24.902,13";"195.025,95";"1.592.046,98"
"LARANJAL";"2.275.960,98";"41.424,64";"728.123,03";"3.045.508,65"
"LASSANCE";"4.507.021,22";"82.125,70";"204.462,80";"4.793.609,72"
"LAVRAS";"29.216.131,75";"531.871,49";"12.941.954,59";"42.689.957,83"
"LEANDRO FERREIRA";"1.568.367,71";"28.565,34";"228.363,22";"1.825.296,27"
"LEME DO PRADO";"2.065.963,92";"37.685,78";"158.247,08";"2.261.896,78"
"LEOPOLDINA";"11.897.121,17";"216.629,83";"4.375.348,08";"16.489.099,08"
"LIBERDADE";"1.684.868,85";"30.678,01";"255.762,47";"1.971.309,33"
"LIMA DUARTE";"4.202.027,66";"76.492,48";"793.823,95";"5.072.344,09"
"LIMEIRA DO OESTE";"9.535.257,98";"173.687,31";"702.493,09";"10.411.438,38"
"LONTRA";"1.928.300,03";"35.098,08";"173.963,78";"2.137.361,89"
"LUISBURGO";"2.445.352,55";"44.589,97";"294.168,72";"2.784.111,24"
"LUISLANDIA";"1.574.874,56";"28.675,44";"93.700,63";"1.697.250,63"
"LUMINARIAS";"2.432.172,92";"44.269,00";"256.386,73";"2.732.828,65"
"LUZ";"6.901.077,89";"125.627,41";"1.581.383,34";"8.608.088,64"
"MACHACALIS";"2.120.948,65";"38.611,02";"294.867,32";"2.454.426,99"
"MACHADO";"13.358.795,95";"243.151,70";"3.826.997,69";"17.428.945,34"
"MADRE DE DEUS DE MINAS";"2.609.006,38";"47.564,76";"301.432,35";"2.958.003,49"
"MALACACHETA";"3.707.388,76";"67.503,50";"687.153,75";"4.462.046,01"
"MAMONAS";"1.655.657,79";"30.152,87";"216.747,44";"1.902.558,10"
"MANGA";"4.305.284,23";"78.324,91";"713.983,27";"5.097.592,41"
"MANHUACU";"20.490.945,63";"373.044,47";"8.697.779,57";"29.561.769,67"
"MANHUMIRIM";"6.021.199,80";"109.658,27";"1.621.207,45";"7.752.065,52"
"MANTENA";"5.176.988,26";"94.223,35";"1.887.670,91";"7.158.882,52"
"MAR DE ESPANHA";"3.226.818,49";"58.754,03";"827.836,94";"4.113.409,46"
"MARAVILHAS";"3.049.578,59";"55.519,06";"472.256,32";"3.577.353,97"
"MARIA DA FE";"3.331.796,80";"60.663,07";"1.052.960,79";"4.445.420,66"
"MARIANA";"132.228.252,03";"2.406.120,04";"5.701.636,52";"140.336.008,59"
"MARILAC";"1.836.488,88";"33.441,39";"141.215,76";"2.011.146,03"
"MARIO CAMPOS";"4.661.286,01";"84.860,24";"1.117.570,00";"5.863.716,25"
"MARIPA DE MINAS";"1.858.706,56";"33.918,59";"182.514,37";"2.075.139,52"
"MARLIERIA";"3.622.501,45";"66.032,48";"187.794,17";"3.876.328,10"
"MARMELOPOLIS";"1.236.836,71";"22.517,20";"110.530,97";"1.369.884,88"
"MARTINHO CAMPOS";"5.488.100,16";"99.891,03";"1.378.407,56";"6.966.398,75"
"MARTINS SOARES";"3.021.946,24";"55.020,26";"398.606,10";"3.475.572,60"
"MATA VERDE";"2.295.783,89";"41.744,98";"132.402,21";"2.469.931,08"
"MATERLANDIA";"1.997.054,36";"36.338,35";"98.582,22";"2.131.974,93"
"MATEUS LEME";"11.764.872,86";"214.194,72";"2.376.353,50";"14.355.421,08"
"MATHIAS LOBATO";"1.532.401,22";"27.904,41";"75.142,79";"1.635.448,42"
"MATIAS BARBOSA";"17.498.044,77";"318.565,82";"1.794.198,81";"19.610.809,40"
"MATIAS CARDOSO";"5.328.152,43";"96.999,16";"143.231,24";"5.568.382,83"
"MATIPO";"4.361.008,01";"79.368,45";"1.004.944,88";"5.445.321,34"
"MATO VERDE";"2.700.798,30";"49.181,45";"601.829,75";"3.351.809,50"
"MATOZINHOS";"19.145.262,75";"348.599,86";"3.505.677,70";"22.999.540,31"
"MATUTINA";"2.014.900,65";"36.740,57";"390.332,21";"2.441.973,43"
"MEDEIROS";"2.850.977,23";"51.887,71";"315.966,02";"3.218.830,96"
"MEDINA";"3.699.403,49";"67.331,75";"707.719,34";"4.474.454,58"
"MENDES PIMENTEL";"1.904.825,15";"34.589,30";"271.944,11";"2.211.358,56"
"MERCES";"2.527.352,29";"45.924,95";"563.145,76";"3.136.423,00"
"MESQUITA";"1.601.777,64";"29.118,57";"219.193,06";"1.850.089,27"
"MINAS NOVAS";"4.828.563,74";"87.900,33";"804.882,92";"5.721.346,99"
"MINDURI";"1.729.566,21";"31.402,05";"206.944,90";"1.967.913,16"
"MIRABELA";"2.491.511,51";"45.331,02";"376.523,32";"2.913.365,85"
"MIRADOURO";"2.654.782,01";"48.331,85";"592.551,71";"3.295.665,57"
"MIRAI";"4.211.624,48";"76.703,60";"896.933,10";"5.185.261,18"
"MIRAVANIA";"1.589.930,86";"28.928,87";"74.208,32";"1.693.068,05"
"MOEDA";"2.448.898,01";"44.647,54";"447.924,18";"2.941.469,73"
"MOEMA";"2.469.238,78";"44.973,29";"748.862,74";"3.263.074,81"
"MONJOLOS";"1.560.709,50";"28.433,34";"30.255,28";"1.619.398,12"
"MONSENHOR PAULO";"4.724.512,43";"86.003,61";"582.160,70";"5.392.676,74"
"MONTALVANIA";"2.759.048,99";"50.245,58";"480.080,53";"3.289.375,10"
"MONTE ALEGRE DE MINAS";"15.019.322,16";"273.438,32";"1.383.068,06";"16.675.828,54"
"MONTE AZUL";"3.485.814,62";"63.397,04";"938.958,76";"4.488.170,42"
"MONTE BELO";"5.122.798,37";"93.266,20";"1.021.258,40";"6.237.322,97"
"MONTE CARMELO";"18.555.427,57";"337.760,45";"5.735.708,48";"24.628.896,50"
"MONTE FORMOSO";"1.498.715,00";"27.277,91";"86.926,83";"1.612.919,74"
"MONTE SANTO DE MINAS";"6.289.409,67";"114.457,68";"1.901.347,97";"8.305.215,32"
"MONTE SIAO";"6.693.105,34";"121.864,90";"2.483.836,37";"9.298.806,61"
"MONTES CLAROS";"91.952.858,45";"1.674.272,15";"40.039.486,98";"133.666.617,58"
"MONTEZUMA";"2.085.509,94";"37.948,67";"132.032,09";"2.255.490,70"
"MORADA NOVA DE MINAS";"5.378.500,61";"97.985,99";"557.411,16";"6.033.897,76"
"MORRO DA GARCA";"2.460.427,34";"44.789,08";"65.652,82";"2.570.869,24"
"MORRO DO PILAR";"2.938.665,78";"53.551,99";"116.651,02";"3.108.868,79"
"MUNHOZ";"2.049.270,21";"37.320,94";"477.900,49";"2.564.491,64"
"MURIAE";"21.580.554,37";"392.850,45";"10.966.538,85";"32.939.943,67"
"MUTUM";"5.459.900,93";"99.372,73";"1.305.206,54";"6.864.480,20"
"MUZAMBINHO";"5.394.487,63";"98.225,31";"2.229.103,17";"7.721.816,11"
"NACIP RAYDAN";"1.353.633,91";"24.670,39";"64.160,22";"1.442.464,52"
"NANUQUE";"8.997.691,32";"163.811,11";"2.803.269,19";"11.964.771,62"
"NAQUE";"1.790.047,54";"32.592,30";"236.647,45";"2.059.287,29"
"NATALANDIA";"1.882.159,01";"34.275,81";"111.899,38";"2.028.334,20"
"NATERCIA";"2.004.789,19";"36.499,27";"313.820,94";"2.355.109,40"
"NAZARENO";"4.875.712,33";"88.849,00";"462.111,22";"5.426.672,55"
"NEPOMUCENO";"6.118.578,30";"111.382,09";"1.566.180,46";"7.796.140,85"
"NINHEIRA";"2.575.474,55";"46.875,95";"184.494,45";"2.806.844,95"
"NOVA BELEM";"1.329.869,08";"24.214,06";"97.633,16";"1.451.716,30"
"NOVA ERA";"7.458.494,13";"135.773,05";"1.717.973,46";"9.312.240,64"
"NOVA LIMA";"152.353.480,19";"2.773.074,11";"17.467.132,26";"172.593.686,56"
"NOVA MODICA";"1.397.988,17";"25.459,44";"113.880,66";"1.537.328,27"
"NOVA PONTE";"16.495.674,84";"300.369,52";"1.159.456,96";"17.955.501,32"
"NOVA PORTEIRINHA";"2.853.340,41";"51.985,34";"251.122,62";"3.156.448,37"
"NOVA RESENDE";"5.689.834,20";"103.505,48";"1.528.081,46";"7.321.421,14"
"NOVA SERRANA";"30.200.506,09";"549.983,75";"8.117.313,92";"38.867.803,76"
"NOVA UNIAO";"2.009.953,06";"36.615,15";"338.228,95";"2.384.797,16"
"NOVO CRUZEIRO";"4.030.445,51";"73.419,37";"777.280,37";"4.881.145,25"
"NOVO ORIENTE DE MINAS";"2.257.149,20";"41.076,17";"223.317,26";"2.521.542,63"
"NOVORIZONTE";"1.746.304,05";"31.797,97";"110.015,23";"1.888.117,25"
"OLARIA";"1.365.485,86";"24.921,68";"74.152,69";"1.464.560,23"
"OLHOS D' AGUA";"3.180.364,35";"57.849,62";"158.371,03";"3.396.585,00"
"OLIMPIO NORONHA";"1.577.695,37";"28.723,02";"90.532,34";"1.696.950,73"
"OLIVEIRA";"11.608.485,62";"211.396,23";"3.481.234,64";"15.301.116,49"
"OLIVEIRA FORTES";"1.211.076,17";"22.038,15";"77.278,24";"1.310.392,56"
"ONCA DO PITANGUI";"2.198.814,23";"40.092,16";"117.784,92";"2.356.691,31"
"ORATORIOS";"2.281.910,27";"41.605,78";"236.645,99";"2.560.162,04"
"ORIZANIA";"2.195.741,45";"39.962,29";"312.735,27";"2.548.439,01"
"OURO BRANCO";"34.791.211,14";"633.131,65";"4.890.694,84";"40.315.037,63"
"OURO FINO";"10.807.190,94";"196.708,62";"3.011.502,28";"14.015.401,84"
"OURO PRETO";"124.439.141,78";"2.264.672,32";"7.043.898,68";"133.747.712,78"
"OURO VERDE DE MINAS";"1.489.920,32";"27.127,17";"190.980,66";"1.708.028,15"
"PADRE CARVALHO";"1.968.506,67";"35.813,31";"87.959,21";"2.092.279,19"
"PADRE PARAISO";"3.139.532,53";"57.149,07";"685.800,14";"3.882.481,74"
"PAI PEDRO";"2.230.246,25";"40.600,71";"72.528,48";"2.343.375,44"
"PAINEIRAS";"2.464.339,05";"44.882,31";"347.400,17";"2.856.621,53"
"PAINS";"11.025.018,88";"200.712,03";"734.308,46";"11.960.039,37"
"PAIVA";"1.104.682,92";"20.091,07";"49.088,93";"1.173.862,92"
"PALMA";"1.614.851,69";"29.404,29";"407.375,92";"2.051.631,90"
"PALMOPOLIS";"1.809.949,97";"32.909,92";"142.706,91";"1.985.566,80"
"PAPAGAIOS";"5.292.468,84";"96.292,34";"990.642,44";"6.379.403,62"
"PARA DE MINAS";"33.483.429,20";"609.564,92";"11.830.895,77";"45.923.889,89"
"PARACATU";"66.895.075,47";"1.218.297,11";"8.325.177,12";"76.438.549,70"
"PARAGUACU";"6.758.051,14";"122.999,77";"1.571.428,86";"8.452.479,77"
"PARAISOPOLIS";"7.685.843,24";"139.815,66";"1.587.292,54";"9.412.951,44"
"PARAOPEBA";"7.518.659,35";"136.976,42";"2.003.782,06";"9.659.417,83"
"PASSA QUATRO";"4.762.400,60";"86.681,12";"1.312.535,88";"6.161.617,60"
"PASSA TEMPO";"4.052.225,58";"73.767,37";"501.420,48";"4.627.413,43"
"PASSA VINTE";"1.351.248,16";"24.570,59";"188.719,88";"1.564.538,63"
"PASSABEM";"1.502.530,45";"27.364,50";"67.048,19";"1.596.943,14"
"PASSOS";"29.096.723,07";"529.723,04";"14.605.735,79";"44.232.181,90"
"PATIS";"1.705.472,79";"31.070,77";"99.787,94";"1.836.331,50"
"PATOS DE MINAS";"50.561.257,11";"920.760,05";"23.792.110,06";"75.274.127,22"
"PATROCINIO";"43.813.709,31";"797.810,67";"10.925.043,95";"55.536.563,93"
"PATROCINIO DO MURIAE";"1.968.137,14";"35.867,47";"343.289,79";"2.347.294,40"
"PAULA CANDIDO";"3.062.979,28";"55.839,34";"343.454,05";"3.462.272,67"
"PAULISTAS";"1.949.216,46";"35.490,09";"140.123,20";"2.124.829,75"
"PAVAO";"2.050.059,56";"37.328,91";"257.338,70";"2.344.727,17"
"PECANHA";"4.080.876,73";"74.294,13";"655.746,09";"4.810.916,95"
"PEDRA AZUL";"5.101.205,95";"92.866,07";"978.261,82";"6.172.333,84"
"PEDRA BONITA";"2.109.957,93";"38.358,32";"390.322,87";"2.538.639,12"
"PEDRA DO ANTA";"1.507.049,45";"27.413,07";"142.284,97";"1.676.747,49"
"PEDRA DO INDAIA";"2.307.688,35";"42.002,41";"233.047,28";"2.582.738,04"
"PEDRA DOURADA";"1.734.154,25";"31.652,73";"97.004,26";"1.862.811,24"
"PEDRALVA";"3.123.767,58";"56.818,35";"644.454,89";"3.825.040,82"
"PEDRAS DE MARIA DA CRUZ";"2.594.010,45";"47.218,53";"144.182,88";"2.785.411,86"
"PEDRINOPOLIS";"3.642.849,29";"66.259,40";"276.750,86";"3.985.859,55"
"PEDRO LEOPOLDO";"34.977.961,79";"636.735,55";"7.031.458,33";"42.646.155,67"
"PEDRO TEIXEIRA";"1.218.148,34";"22.237,08";"69.799,38";"1.310.184,80"
"PEQUERI";"1.924.597,22";"34.968,69";"262.784,22";"2.222.350,13"
"PEQUI";"2.165.024,34";"39.415,54";"236.318,26";"2.440.758,14"
"PERDIGAO";"3.443.473,93";"62.700,50";"814.526,92";"4.320.701,35"
"PERDIZES";"16.937.638,32";"308.449,34";"1.279.256,60";"18.525.344,26"
"PERDOES";"6.692.478,68";"121.847,77";"2.100.578,05";"8.914.904,50"
"PERIQUITO";"2.614.303,37";"47.669,07";"175.181,75";"2.837.154,19"
"PESCADOR";"1.662.647,60";"30.276,23";"124.012,97";"1.816.936,80"
"PIAU";"1.554.535,26";"28.220,84";"145.399,26";"1.728.155,36"
"PIEDADE DE CARATINGA";"2.448.840,00";"44.675,30";"394.582,64";"2.888.097,94"
"PIEDADE DE PONTE NOVA";"2.142.632,33";"38.992,31";"174.624,32";"2.356.248,96"
"PIEDADE DO RIO GRANDE";"2.025.324,82";"36.855,79";"346.724,12";"2.408.904,73"
"PIEDADE DOS GERAIS";"1.431.674,59";"26.119,03";"291.383,38";"1.749.177,00"
"PIMENTA";"4.155.650,08";"75.673,10";"735.957,78";"4.967.280,96"
"PINGO D' AGUA";"1.473.488,73";"26.845,90";"97.470,29";"1.597.804,92"
"PINTOPOLIS";"2.314.430,83";"42.116,35";"107.503,51";"2.464.050,69"
"PIRACEMA";"1.947.846,47";"35.553,86";"352.844,77";"2.336.245,10"
"PIRAJUBA";"6.133.660,16";"111.626,30";"564.189,72";"6.809.476,18"
"PIRANGA";"3.100.630,77";"56.520,58";"665.743,21";"3.822.894,56"
"PIRANGUCU";"1.719.081,68";"31.373,48";"270.760,76";"2.021.215,92"
"PIRANGUINHO";"2.663.631,01";"48.457,39";"684.023,61";"3.396.112,01"
"PIRAPETINGA";"5.962.937,24";"108.635,55";"1.164.833,05";"7.236.405,84"
"PIRAPORA";"19.851.874,15";"361.189,92";"4.510.399,64";"24.723.463,71"
"PIRAUBA";"2.721.221,23";"49.533,63";"662.033,57";"3.432.788,43"
"PITANGUI";"5.925.473,88";"107.870,93";"2.709.023,54";"8.742.368,35"
"PIUMHI";"14.631.730,79";"266.321,60";"3.616.554,28";"18.514.606,67"
"PLANURA";"9.299.758,31";"169.376,15";"811.528,51";"10.280.662,97"
"POCO FUNDO";"4.712.391,22";"85.752,84";"1.497.693,90";"6.295.837,96"
"POCOS DE CALDAS";"85.223.746,43";"1.552.154,69";"25.367.670,59";"112.143.571,71"
"POCRANE";"2.261.732,44";"41.174,06";"384.436,09";"2.687.342,59"
"POMPEU";"11.750.355,62";"213.903,22";"2.014.077,42";"13.978.336,26"
"PONTE NOVA";"16.255.105,63";"295.977,82";"6.087.481,53";"22.638.564,98"
"PONTO CHIQUE";"1.610.766,41";"29.331,38";"76.036,95";"1.716.134,74"
"PONTO DOS VOLANTES";"2.729.664,13";"49.697,56";"209.435,97";"2.988.797,66"
"PORTEIRINHA";"5.624.727,41";"102.399,64";"1.645.646,19";"7.372.773,24"
"PORTO FIRME";"1.920.752,13";"34.965,36";"362.927,82";"2.318.645,31"
"POTE";"2.823.118,13";"51.419,51";"447.491,16";"3.322.028,80"
"POUSO ALEGRE";"88.691.969,66";"1.614.837,61";"20.618.838,28";"110.925.645,55"
"POUSO ALTO";"4.082.090,88";"74.346,51";"349.172,45";"4.505.609,84"
"PRADOS";"3.730.630,15";"67.929,66";"491.202,97";"4.289.762,78"
"PRATA";"16.099.932,76";"293.189,34";"2.583.774,84";"18.976.896,94"
"PRATAPOLIS";"3.422.727,83";"62.317,44";"742.614,29";"4.227.659,56"
"PRATINHA";"2.358.910,24";"42.969,68";"266.738,76";"2.668.618,68"
"PRESIDENTE BERNARDES";"1.810.861,94";"32.983,51";"186.887,44";"2.030.732,89"
"PRESIDENTE JUSCELINO";"2.127.898,62";"38.775,62";"132.540,16";"2.299.214,40"
"PRESIDENTE KUBITSCHEK";"1.541.642,80";"28.182,28";"97.134,53";"1.666.959,61"
"PRESIDENTE OLEGARIO";"10.540.759,45";"191.978,05";"1.239.559,72";"11.972.297,22"
"PRUDENTE DE MORAIS";"3.652.990,72";"66.543,87";"481.319,81";"4.200.854,40"
"QUARTEL GERAL";"2.460.689,48";"44.798,15";"139.147,82";"2.644.635,45"
"QUELUZITO";"1.326.877,24";"24.213,64";"94.053,86";"1.445.144,74"
"RAPOSOS";"4.093.810,32";"74.613,70";"969.035,19";"5.137.459,21"
"RAUL SOARES";"4.605.220,03";"83.810,73";"1.375.454,46";"6.064.485,22"
"RECREIO";"2.919.065,48";"53.227,61";"542.398,60";"3.514.691,69"
"REDUTO";"2.008.223,28";"36.546,51";"363.992,45";"2.408.762,24"
"RESENDE COSTA";"3.214.153,79";"58.443,57";"852.854,65";"4.125.452,01"
"RESPLENDOR";"5.075.926,66";"92.355,90";"1.010.990,74";"6.179.273,30"
"RESSAQUINHA";"2.835.013,61";"51.626,62";"336.850,12";"3.223.490,35"
"RIACHINHO";"2.851.216,42";"51.913,80";"226.508,29";"3.129.638,51"
"RIACHO DOS MACHADOS";"2.944.512,69";"53.642,36";"224.973,78";"3.223.128,83"
"RIBEIRAO DAS NEVES";"50.892.034,53";"926.938,06";"15.784.885,86";"67.603.858,45"
"RIBEIRAO VERMELHO";"1.742.565,45";"31.738,11";"245.408,30";"2.019.711,86"
"RIO ACIMA";"22.655.535,96";"412.040,37";"774.815,39";"23.842.391,72"
"RIO CASCA";"3.639.774,29";"66.257,22";"1.012.552,00";"4.718.583,51"
"RIO DO PRADO";"1.388.294,66";"25.221,94";"103.753,60";"1.517.270,20"
"RIO DOCE";"2.145.502,72";"39.179,80";"99.490,81";"2.284.173,33"
"RIO ESPERA";"1.582.151,78";"28.880,25";"212.305,47";"1.823.337,50"
"RIO MANSO";"2.115.148,88";"38.491,13";"380.529,28";"2.534.169,29"
"RIO NOVO";"2.713.823,86";"49.398,44";"537.912,15";"3.301.134,45"
"RIO PARANAIBA";"14.611.172,84";"266.047,83";"1.219.951,78";"16.097.172,45"
"RIO PARDO DE MINAS";"5.795.462,70";"105.549,21";"865.028,57";"6.766.040,48"
"RIO PIRACICABA";"7.844.254,00";"142.748,87";"1.017.046,97";"9.004.049,84"
"RIO POMBA";"4.556.873,62";"82.870,72";"1.488.167,66";"6.127.912,00"
"RIO PRETO";"2.319.021,55";"42.203,14";"494.191,07";"2.855.415,76"
"RIO VERMELHO";"2.973.948,14";"54.131,02";"325.805,34";"3.353.884,50"
"RITAPOLIS";"1.630.759,06";"29.694,38";"209.462,38";"1.869.915,82"
"ROCHEDO DE MINAS";"1.146.134,87";"20.788,97";"92.712,60";"1.259.636,44"
"RODEIRO";"4.677.606,91";"85.165,39";"738.371,77";"5.501.144,07"
"ROMARIA";"4.633.878,34";"84.365,25";"229.681,69";"4.947.925,28"
"ROSARIO DA LIMEIRA";"1.970.704,23";"35.858,56";"262.948,60";"2.269.511,39"
"RUBELITA";"1.861.102,98";"33.959,61";"102.780,83";"1.997.843,42"
"RUBIM";"2.423.018,09";"44.122,08";"243.414,58";"2.710.554,75"
"SABARA";"33.430.380,89";"608.601,86";"8.737.779,95";"42.776.762,70"
"SABINOPOLIS";"3.787.170,83";"68.934,86";"542.978,58";"4.399.084,27"
"SACRAMENTO";"33.671.752,55";"613.145,27";"2.765.051,24";"37.049.949,06"
"SALINAS";"7.488.211,80";"136.318,60";"2.528.136,76";"10.152.667,16"
"SALTO DA DIVISA";"6.286.329,17";"114.424,01";"71.851,71";"6.472.604,89"
"SANTA BARBARA";"29.090.895,79";"529.657,58";"2.594.628,37";"32.215.181,74"
"SANTA BARBARA DO LESTE";"2.151.264,29";"39.152,97";"425.229,97";"2.615.647,23"
"SANTA BARBARA DO MONTE VERDE";"1.689.339,10";"30.729,42";"200.119,90";"1.920.188,42"
"SANTA BARBARA DO TUGURIO";"1.590.557,16";"28.964,08";"270.178,05";"1.889.699,29"
"SANTA CRUZ DE MINAS";"2.001.024,50";"36.471,48";"440.832,76";"2.478.328,74"
"SANTA CRUZ DE SALINAS";"1.794.766,56";"32.722,39";"81.582,56";"1.909.071,51"
"SANTA CRUZ DO ESCALVADO";"2.644.449,04";"48.208,94";"169.392,25";"2.862.050,23"
"SANTA EFIGENIA DE MINAS";"1.644.168,14";"29.824,09";"130.202,45";"1.804.194,68"
"SANTA FE DE MINAS";"1.970.185,58";"35.878,04";"49.124,76";"2.055.188,38"
"SANTA HELENA DE MINAS";"1.793.866,21";"32.692,92";"126.902,88";"1.953.462,01"
"SANTA JULIANA";"13.278.966,26";"241.701,42";"1.352.813,20";"14.873.480,88"
"SANTA LUZIA";"62.917.068,79";"1.145.973,64";"15.429.189,08";"79.492.231,51"
"SANTA MARGARIDA";"3.455.506,67";"62.758,92";"944.148,05";"4.462.413,64"
"SANTA MARIA DE ITABIRA";"3.241.667,44";"58.922,39";"610.440,14";"3.911.029,97"
"SANTA MARIA DO SALTO";"1.702.553,79";"30.976,84";"94.005,40";"1.827.536,03"
"SANTA MARIA DO SUACUI";"2.658.647,17";"48.410,33";"516.033,02";"3.223.090,52"
"SANTA RITA DE CALDAS";"3.994.903,41";"72.661,40";"781.073,37";"4.848.638,18"
"SANTA RITA DE JACUTINGA";"2.075.558,34";"37.812,33";"276.164,38";"2.389.535,05"
"SANTA RITA DE MINAS";"2.265.810,41";"41.226,30";"342.053,41";"2.649.090,12"
"SANTA RITA DO IBITIPOCA";"1.430.838,66";"26.047,05";"97.994,66";"1.554.880,37"
"SANTA RITA DO ITUETO";"1.840.410,92";"33.447,45";"261.774,58";"2.135.632,95"
"SANTA RITA DO SAPUCAI";"19.376.714,69";"352.718,09";"3.942.783,54";"23.672.216,32"
"SANTA ROSA DA SERRA";"1.890.902,08";"34.419,51";"250.970,71";"2.176.292,30"
"SANTA VITORIA";"45.102.157,34";"821.484,46";"2.125.742,02";"48.049.383,82"
"SANTANA DA VARGEM";"3.506.109,98";"63.739,22";"462.538,25";"4.032.387,45"
"SANTANA DE CATAGUASES";"1.498.109,08";"27.250,65";"201.497,09";"1.726.856,82"
"SANTANA DE PIRAPAMA";"2.790.346,26";"50.743,09";"248.508,19";"3.089.597,54"
"SANTANA DO DESERTO";"1.808.405,72";"32.847,70";"192.098,11";"2.033.351,53"
"SANTANA DO GARAMBEU";"1.347.080,38";"24.532,83";"73.339,32";"1.444.952,53"
"SANTANA DO JACARE";"1.736.163,41";"31.614,29";"209.719,45";"1.977.497,15"
"SANTANA DO MANHUACU";"2.541.459,37";"46.263,38";"483.735,90";"3.071.458,65"
"SANTANA DO PARAISO";"9.758.177,52";"177.759,30";"871.963,54";"10.807.900,36"
"SANTANA DO RIACHO";"1.789.962,18";"32.576,58";"179.558,01";"2.002.096,77"
"SANTANA DOS MONTES";"1.721.499,99";"31.425,58";"125.564,78";"1.878.490,35"
"SANTO ANTONIO DO AMPARO";"3.874.275,23";"70.444,18";"882.788,26";"4.827.507,67"
"SANTO ANTONIO DO AVENTUREIRO";"1.204.591,05";"21.937,48";"212.224,29";"1.438.752,82"
"SANTO ANTONIO DO GRAMA";"2.697.773,23";"49.165,05";"207.510,75";"2.954.449,03"
"SANTO ANTONIO DO ITAMBE";"1.809.303,52";"32.938,45";"89.790,95";"1.932.032,92"
"SANTO ANTONIO DO JACINTO";"2.181.640,27";"39.733,73";"315.559,57";"2.536.933,57"
"SANTO ANTONIO DO MONTE";"6.896.396,78";"125.571,04";"3.205.005,38";"10.226.973,20"
"SANTO ANTONIO DO RETIRO";"2.143.866,89";"39.156,19";"123.949,61";"2.306.972,69"
"SANTO ANTONIO DO RIO ABAIXO";"1.463.298,86";"26.570,62";"60.121,02";"1.549.990,50"
"SANTO HIPOLITO";"1.425.103,27";"25.957,88";"76.464,16";"1.527.525,31"
"SANTOS DUMONT";"9.072.292,35";"165.144,19";"2.629.499,41";"11.866.935,95"
"SAO BENTO ABADE";"2.226.984,89";"40.537,77";"200.268,01";"2.467.790,67"
"SAO BRAS DO SUACUI";"2.429.771,61";"44.278,00";"301.314,06";"2.775.363,67"
"SAO DOMINGOS DAS DORES";"2.039.836,72";"37.214,94";"306.082,93";"2.383.134,59"
"SAO DOMINGOS DO PRATA";"4.717.350,34";"85.911,15";"1.043.938,93";"5.847.200,42"
"SAO FELIX DE MINAS";"1.194.318,50";"21.747,73";"112.635,83";"1.328.702,06"
"SAO FRANCISCO";"7.807.399,21";"142.181,75";"1.600.435,27";"9.550.016,23"
"SAO FRANCISCO DE PAULA";"2.354.740,43";"42.871,14";"318.088,53";"2.715.700,10"
"SAO FRANCISCO DE SALES";"5.674.161,87";"103.305,67";"504.563,01";"6.282.030,55"
"SAO FRANCISCO DO GLORIA";"1.664.595,95";"30.315,40";"274.835,75";"1.969.747,10"
"SAO GERALDO";"2.907.984,98";"53.000,98";"497.872,24";"3.458.858,20"
"SAO GERALDO DA PIEDADE";"1.567.017,96";"28.528,38";"87.387,17";"1.682.933,51"
"SAO GERALDO DO BAIXIO";"1.340.903,20";"24.414,67";"93.924,37";"1.459.242,24"
"SAO GONCALO DO ABAETE";"7.136.034,74";"129.973,33";"337.361,41";"7.603.369,48"
"SAO GONCALO DO PARA";"3.969.415,55";"72.303,59";"811.330,60";"4.853.049,74"
"SAO GONCALO DO RIO ABAIXO";"116.515.860,46";"2.120.496,57";"802.431,40";"119.438.788,43"
"SAO GONCALO DO RIO PRETO";"2.171.341,43";"39.547,44";"122.228,14";"2.333.117,01"
"SAO GONCALO DO SAPUCAI";"8.268.984,12";"150.574,89";"2.142.181,44";"10.561.740,45"
"SAO GOTARDO";"10.037.861,37";"182.731,64";"4.648.360,49";"14.868.953,50"
"SAO JOAO BATISTA DO GLORIA";"10.816.240,16";"197.019,48";"596.294,18";"11.609.553,82"
"SAO JOAO DA LAGOA";"1.979.728,45";"36.100,78";"76.567,07";"2.092.396,30"
"SAO JOAO DA MATA";"1.359.568,66";"24.754,79";"215.267,39";"1.599.590,84"
"SAO JOAO DA PONTE";"4.878.818,84";"88.797,98";"471.567,59";"5.439.184,41"
"SAO JOAO DAS MISSOES";"3.379.450,87";"61.479,50";"145.357,46";"3.586.287,83"
"SAO JOAO DEL REI";"20.097.120,69";"365.905,17";"9.523.930,22";"29.986.956,08"
"SAO JOAO DO MANHUACU";"2.857.765,31";"51.951,24";"579.900,32";"3.489.616,87"
"SAO JOAO DO MANTENINHA";"1.992.648,87";"36.290,97";"278.339,72";"2.307.279,56"
"SAO JOAO DO ORIENTE";"1.687.581,67";"30.735,29";"374.320,63";"2.092.637,59"
"SAO JOAO DO PACUI";"1.554.544,72";"28.313,18";"57.043,36";"1.639.901,26"
"SAO JOAO DO PARAISO";"3.863.918,10";"70.282,45";"821.531,03";"4.755.731,58"
"SAO JOAO EVANGELISTA";"3.441.686,23";"62.738,05";"784.273,56";"4.288.697,84"
"SAO JOAO NEPOMUCENO";"5.880.468,21";"107.059,84";"1.862.983,40";"7.850.511,45"
"SAO JOAQUIM DE BICAS";"15.727.772,25";"286.419,59";"2.096.625,49";"18.110.817,33"
"SAO JOSE DA BARRA";"9.441.138,75";"171.896,46";"624.732,62";"10.237.767,83"
"SAO JOSE DA LAPA";"12.823.486,54";"233.346,98";"1.634.317,98";"14.691.151,50"
"SAO JOSE DA SAFIRA";"1.652.469,98";"30.097,36";"93.906,65";"1.776.473,99"
"SAO JOSE DA VARGINHA";"2.930.569,64";"53.367,39";"181.035,43";"3.164.972,46"
"SAO JOSE DO ALEGRE";"1.345.654,24";"24.476,55";"247.536,89";"1.617.667,68"
"SAO JOSE DO DIVINO";"1.540.342,72";"28.028,15";"149.678,06";"1.718.048,93"
"SAO JOSE DO GOIABAL";"1.538.610,87";"27.982,79";"234.405,32";"1.800.998,98"
"SAO JOSE DO JACURI";"1.853.836,97";"33.732,39";"194.630,55";"2.082.199,91"
"SAO JOSE DO MANTIMENTO";"1.310.795,21";"23.864,63";"140.629,68";"1.475.289,52"
"SAO LOURENCO";"9.526.869,20";"173.469,94";"5.441.903,12";"15.142.242,26"
"SAO MIGUEL DO ANTA";"2.484.379,62";"45.365,14";"285.542,29";"2.815.287,05"
"SAO PEDRO DA UNIAO";"2.421.444,33";"44.074,60";"396.903,04";"2.862.421,97"
"SAO PEDRO DO SUACUI";"1.532.356,29";"27.878,67";"155.363,50";"1.715.598,46"
"SAO PEDRO DOS FERROS";"2.643.654,75";"48.129,79";"362.163,44";"3.053.947,98"
"SAO ROMAO";"3.638.120,72";"66.254,78";"217.675,55";"3.922.051,05"
"SAO ROQUE DE MINAS";"4.761.444,62";"86.694,85";"670.551,62";"5.518.691,09"
"SAO SEBASTIAO DA BELA VISTA";"2.444.271,94";"44.513,11";"387.260,30";"2.876.045,35"
"SAO SEBASTIAO DA VARGEM ALEGRE";"1.725.451,60";"31.395,24";"219.236,17";"1.976.083,01"
"SAO SEBASTIAO DO ANTA";"1.880.016,76";"34.214,80";"264.350,53";"2.178.582,09"
"SAO SEBASTIAO DO MARANHAO";"2.041.352,81";"37.169,12";"179.485,21";"2.258.007,14"
"SAO SEBASTIAO DO OESTE";"5.591.915,97";"101.836,76";"367.359,10";"6.061.111,83"
"SAO SEBASTIAO DO PARAISO";"20.620.437,86";"375.407,43";"8.533.647,72";"29.529.493,01"
"SAO SEBASTIAO DO RIO PRETO";"1.430.237,44";"26.055,30";"42.688,19";"1.498.980,93"
"SAO SEBASTIAO DO RIO VERDE";"1.382.175,53";"25.206,47";"106.397,21";"1.513.779,21"
"SAO TIAGO";"3.267.146,02";"59.428,88";"611.012,58";"3.937.587,48"
"SAO TOMAS DE AQUINO";"3.663.952,35";"66.590,83";"512.652,19";"4.243.195,37"
"SAO TOME DAS LETRAS";"2.226.817,85";"40.594,50";"204.393,12";"2.471.805,47"
"SAO VICENTE DE MINAS";"2.958.027,63";"53.909,42";"383.881,36";"3.395.818,41"
"SAPUCAI-MIRIM";"2.537.985,36";"46.138,84";"441.261,59";"3.025.385,79"
"SARDOA";"1.939.260,96";"35.307,93";"249.758,94";"2.224.327,83"
"SARZEDO";"32.502.350,87";"591.690,50";"3.281.984,46";"36.376.025,83"
"SEM-PEIXE";"1.791.053,66";"32.581,51";"85.915,54";"1.909.550,71"
"SENADOR AMARAL";"2.796.853,58";"50.923,87";"496.469,75";"3.344.247,20"
"SENADOR CORTES";"1.072.862,26";"19.536,81";"77.467,95";"1.169.867,02"
"SENADOR FIRMINO";"2.292.973,76";"41.813,59";"465.758,06";"2.800.545,41"
"SENADOR JOSE BENTO";"1.198.330,68";"21.795,34";"69.853,00";"1.289.979,02"
"SENADOR MODESTINO GONCALVES";"2.036.081,25";"37.063,89";"131.924,95";"2.205.070,09"
"SENHORA DE OLIVEIRA";"2.110.331,81";"38.546,89";"268.770,81";"2.417.649,51"
"SENHORA DO PORTO";"1.929.457,55";"35.117,92";"106.566,59";"2.071.142,06"
"SENHORA DOS REMEDIOS";"1.691.494,02";"30.793,14";"403.862,71";"2.126.149,87"
"SERICITA";"2.154.280,22";"39.230,80";"431.761,33";"2.625.272,35"
"SERITINGA";"1.508.458,67";"27.441,54";"82.208,94";"1.618.109,15"
"SERRA AZUL DE MINAS";"1.371.610,71";"24.963,65";"89.674,17";"1.486.248,53"
"SERRA DA SAUDADE";"1.948.211,72";"35.463,20";"66.168,85";"2.049.843,77"
"SERRA DO SALITRE";"9.166.209,65";"166.982,10";"799.069,91";"10.132.261,66"
"SERRA DOS AIMORES";"3.391.837,01";"61.651,64";"268.932,81";"3.722.421,46"
"SERRANIA";"2.944.827,18";"53.500,23";"403.793,20";"3.402.120,61"
"SERRANOPOLIS DE MINAS";"2.729.940,51";"49.762,21";"97.794,20";"2.877.496,92"
"SERRANOS";"1.392.628,53";"25.349,11";"95.735,97";"1.513.713,61"
"SERRO";"4.470.869,54";"81.348,76";"865.031,36";"5.417.249,66"
"SETE LAGOAS";"131.609.430,47";"2.396.471,32";"26.317.855,62";"160.323.757,41"
"SETUBINHA";"2.577.295,74";"46.876,97";"130.604,86";"2.754.777,57"
"SILVEIRANIA";"1.354.535,43";"24.585,15";"80.144,60";"1.459.265,18"
"SILVIANOPOLIS";"2.204.956,57";"40.194,19";"438.638,71";"2.683.789,47"
"SIMAO PEREIRA";"2.202.841,43";"39.980,62";"487.761,36";"2.730.583,41"
"SIMONESIA";"3.797.529,63";"69.166,88";"999.179,07";"4.865.875,58"
"SOBRALIA";"1.458.283,08";"26.618,64";"240.519,30";"1.725.421,02"
"SOLEDADE DE MINAS";"2.000.217,33";"36.420,97";"263.177,95";"2.299.816,25"
"TABULEIRO";"1.454.777,42";"26.542,05";"185.457,19";"1.666.776,66"
"TAIOBEIRAS";"6.596.252,59";"120.048,54";"2.495.128,72";"9.211.429,85"
"TAPARUBA";"1.383.282,15";"25.182,60";"132.257,98";"1.540.722,73"
"TAPIRA";"10.767.135,50";"196.131,95";"498.993,34";"11.462.260,79"
"TAPIRAI";"1.507.131,02";"27.430,54";"94.978,53";"1.629.540,09"
"TAQUARACU DE MINAS";"1.989.313,61";"36.204,88";"155.625,62";"2.181.144,11"
"TARUMIRIM";"2.561.147,50";"46.688,82";"645.126,75";"3.252.963,07"
"TEIXEIRAS";"2.943.083,35";"53.631,48";"733.861,52";"3.730.576,35"
"TEOFILO OTONI";"22.572.351,45";"410.805,41";"11.204.199,03";"34.187.355,89"
"TIMOTEO";"41.989.595,43";"764.283,95";"7.763.428,71";"50.517.308,09"
"TIRADENTES";"2.711.264,87";"49.337,89";"816.805,78";"3.577.408,54"
"TIROS";"5.490.814,41";"100.015,65";"742.930,34";"6.333.760,40"
"TOCANTINS";"4.367.252,08";"79.422,19";"1.299.414,38";"5.746.088,65"
"TOCOS DO MOJI";"1.595.445,04";"29.056,03";"309.956,36";"1.934.457,43"
"TOLEDO";"2.007.682,48";"36.499,08";"415.348,80";"2.459.530,36"
"TOMBOS";"2.720.111,88";"49.517,64";"600.259,32";"3.369.888,84"
"TRES CORACOES";"30.815.652,01";"560.824,29";"6.473.628,20";"37.850.104,50"
"TRES MARIAS";"18.673.360,47";"339.930,92";"2.418.651,76";"21.431.943,15"
"TRES PONTAS";"14.905.630,55";"271.344,56";"4.986.555,21";"20.163.530,32"
"TUMIRITINGA";"1.868.715,73";"34.025,11";"112.116,78";"2.014.857,62"
"TUPACIGUARA";"13.946.999,83";"253.988,23";"2.298.010,22";"16.498.998,28"
"TURMALINA";"5.783.345,58";"105.283,43";"1.141.092,88";"7.029.721,89"
"TURVOLANDIA";"2.187.942,86";"39.885,06";"300.222,14";"2.528.050,06"
"UBA";"30.990.153,00";"564.154,42";"11.395.255,47";"42.949.562,89"
"UBAI";"2.516.501,86";"45.823,38";"202.682,93";"2.765.008,17"
"UBAPORANGA";"2.568.634,94";"46.754,78";"588.252,95";"3.203.642,67"
"UBERABA";"183.793.491,61";"3.347.293,86";"48.347.623,69";"235.488.409,16"
"UBERLANDIA";"396.726.472,30";"7.222.641,86";"108.602.275,08";"512.551.389,24"
"UMBURATIBA";"1.405.653,19";"25.566,68";"61.201,30";"1.492.421,17"
"UNAI";"48.236.105,50";"878.570,59";"9.382.689,49";"58.497.365,58"
"UNIAO DE MINAS";"3.849.894,76";"70.119,77";"273.337,06";"4.193.351,59"
"URUANA DE MINAS";"2.342.330,19";"42.642,32";"75.384,17";"2.460.356,68"
"URUCANIA";"4.691.712,75";"85.360,67";"529.414,28";"5.306.487,70"
"URUCUIA";"2.918.179,29";"53.135,76";"218.345,56";"3.189.660,61"
"VARGEM ALEGRE";"1.722.963,25";"31.355,28";"291.793,38";"2.046.111,91"
"VARGEM BONITA";"2.224.335,44";"40.502,68";"120.849,63";"2.385.687,75"
"VARGEM GRANDE DO RIO PARDO";"1.490.734,25";"27.148,08";"106.256,07";"1.624.138,40"
"VARGINHA";"62.945.867,92";"1.145.890,50";"17.696.355,72";"81.788.114,14"
"VARJAO DE MINAS";"4.194.564,65";"76.481,55";"446.978,08";"4.718.024,28"
"VARZEA DA PALMA";"13.245.582,42";"241.102,27";"2.004.905,07";"15.491.589,76"
"VARZELANDIA";"3.359.095,69";"61.142,03";"428.699,08";"3.848.936,80"
"VAZANTE";"12.129.118,76";"220.757,57";"2.197.263,39";"14.547.139,72"
"VERDELANDIA";"3.429.052,09";"62.483,67";"147.784,06";"3.639.319,82"
"VEREDINHA";"2.376.618,28";"43.250,51";"195.865,02";"2.615.733,81"
"VERISSIMO";"4.311.689,14";"78.425,12";"118.873,16";"4.508.987,42"
"VERMELHO NOVO";"1.782.629,54";"32.445,55";"249.551,09";"2.064.626,18"
"VESPASIANO";"38.677.505,34";"703.967,64";"7.374.060,43";"46.755.533,41"
"VICOSA";"14.667.899,09";"267.041,94";"7.961.546,83";"22.896.487,86"
"VIEIRAS";"1.679.876,83";"30.611,16";"204.447,98";"1.914.935,97"
"VIRGEM DA LAPA";"2.553.937,70";"46.524,32";"402.275,60";"3.002.737,62"
"VIRGINIA";"2.414.943,65";"43.961,74";"479.271,86";"2.938.177,25"
"VIRGINOPOLIS";"3.086.868,36";"56.304,40";"523.408,54";"3.666.581,30"
"VIRGOLANDIA";"1.753.271,91";"32.023,12";"120.880,41";"1.906.175,44"
"VISCONDE DO RIO BRANCO";"15.817.749,88";"288.057,46";"3.571.356,65";"19.677.163,99"
"VOLTA GRANDE";"2.827.692,09";"51.473,26";"243.124,06";"3.122.289,41"
"WENCESLAU BRAZ";"1.207.170,32";"22.024,97";"96.515,32";"1.325.710,61"